start_idx,end_idx,entropy,normalized_entropy,token_count,unique_tokens
0,2,3.794653,0.971272,18,15
1,3,3.875,0.991837,16,15
2,4,3.70044,1.0,13,13
3,5,3.459432,1.0,11,11
